location,date,thanks,text,topic_id,topic_name,sentiment,state
"New Orleans, LA",2025-11-08 00:00:00,8,"I have been pleasantly surprised by TM! It's coverage and speed beat ATT in almost every area I frequent. Even at the camp. Good thing is if you are in a fringe area or dead zone it creates a uplink to Starlink so your phone doesn't have connectivity as long as you are outdoors. It works to automatically, so there is no manual toggling back and forth. This is really a game changer for cell Services. The service we are on is priced very competitively. Definitely saving us some real $$. My opinion is worth what u paid for it...$0. jJust a heads up! May be worth looking into. We are on the Magenta 55+",5,coverage,Positive,LA
"Pryor, OK","Oct. 30, 2025 Re",30,"The first visit to this store in Pryor, we had another associate and by the helpful actions of ** to each customer, we made the assumption that he was the manager. On our second visit to the store, we were fortunate enough to have ** help us. We learned then that this store doesn‚Äôt have an official manager. Are they trying to save money? They won‚Äôt if they lose **! Who else would work with a rival company for a couple of hours to get the information needed to change a customer over? All the while, helping other associates with their questions and customers. Who else would make us feel valuable as a customer and make what easily could‚Äôve been a stressful interaction, one of calmness and kindness? This was our experience with ** and wherever he goes, we‚Äôll follow, because his knowledge and customer service is that good! Finally, may I suggest again, that he be made a manager officially since he‚Äôs already doing a great job at it! Thank you for having T-Mobile at Pryor and good people at this location. Darrell & Debbie ** Salina, OK",3,customer_service,Positive,OK
"Oviedo, FL","July 14, 2025 The Oviedo T",1998,"Only to have spent 8 hours 4 till 9m to get no where for there was two accounts in my name one should have been cancelled long ago! The next morning T-Mobile activation dept was to call me to help and never did. So I spent three hours in person that day with Mario helping me to get my Sereno and fixed. Mario was kind - listened to me - he got what I was saying got on the phone after pulling up both my accounts /he canceled the old account - spoke with the activation dept - got my numbers corrected and I ended up buying a phone from Mario. He took the time to help me - he listens and even though I did not go in to up grade my phone - he made the sale just knowing this nice, kind and profession man - was helping me! Was worth buy a new phone in return!!! Maybe his co worker could learn something from compassion and kindness. Thank you Mario!",3,customer_service,Positive,FL
"Tallahassee, FL","Nov. 7, 2025 I give the T",7,I give the T-Mobile in Tallahassee on North Monroe St 1 star. I called in to purchase a modem and internet service. The employee Chris told me to come in. I get there and as we are completing the transaction...he tells me they are out and his Mgr is out and he would pick some up and to come back. So I comes back and still no modem. So I ask for the Mgr and he has this don't care attitude after I told him what happened. He never assured me or apologized for this. I had to follow him just to talk. He wouldn't even stop and reassure me on anything. I have did business at this store several times and will not be going back there. I'm currently waiting on the regional Mgr to reach out to me. Meanwhile I called the one on Tennessee St and got excellent customer service. They earned my business. I will never do business with the one on Monroe St ever again because of the experience I got.,3,customer_service,Negative,FL
"Lake Charles, LA","Nov. 7, 2025 T Mobile is the absolute worst. My husband is in the Navy and got t mobile after bootcamp for a few weeks. He turned in his router and canceled and we were charged for a few months after that and several times he went into the t mobile store and canceled. Each time they told him it was canceled now and he won",7,T Mobile is the absolute worst. My husband is in the Navy and got t mobile after bootcamp for a few weeks. He turned in his router and canceled and we were charged for a few months after that and several times he went into the t mobile store and canceled. Each time they told him it was canceled now and he won't be charged again. We were still charged several more times. I contacted them because I wanted a refund because it is absolutely ridiculous. They swore his account was cancelled and we would get a refund. Refund was never put out and they started claiming he never returned the router. They charged us $187 yesterday even though they charged us well over $500 over times we didn't even have an open account. They are the biggest scam.,2,billing,Negative,LA
"Arlington, TX","Nov. 6, 2025 I called to speak with a customer service rep who couldn",6,"I called to speak with a customer service rep who couldn't resolve my concern, so I asked to be transferred to a higher tier, in which my concern still wasn't resolved. When the call ended, I received a text message that $20 plus taxes was added to my bill because I called to speak with a customer service rep. This is unfair.",0,billing,Negative,TX
"Houston, TX","Nov. 6, 2025 My name is Ramona",2,My name is Ramona **. I have purchased the Razr Flip 7. I purchased the phone the end of September. The 1st of October my life has been miserable ever since the supervisor's lie and tell you they're gonna get it resolved. They're gonna get it resolved. They have taught the employee to lie to you as well. I have talked to everybody in the company and I'm still with a broken Razr Flip phone. I only had it a month. I hate I am a T-Mobile customer. And I have tried to be fair. I have tried to resolve the problem before leaving them and going to Verizon. This is just sad. I'm so unhappy being a T-Mobile customer.,3,customer_service,Negative,TX
"Round Rock, TX","Nov. 4, 2025 We have been customers for 23 years. Last year they called to give us a free phone update. Then I found it was being charged to our bill. We returned the phones and have the UPS tracking number to prove it. They still keep billing me monthly",2,We have been customers for 23 years. Last year they called to give us a free phone update. Then I found it was being charged to our bill. We returned the phones and have the UPS tracking number to prove it. They still keep billing me monthly **! I have called 4 times! 4! No action on their part. I see that if we have a dispute that we have to go thru arbitration. For the $2000 erroneous invoice we are going to go thru the arbitration process. No customer care for 24 year customers!,0,billing,Negative,TX
"Land O Lakes, FL","Nov. 4, 2025 I cancelled my account with T",3,"Also, as these discussions were going on, for each month I got a $7 late fee. At one point we agreed on the original amt. Which would be $79.91 and they were going to send a bill. I waited another month and that bill never came and I was charged another $7 late fee. I also requested a copy of my account (3 times) which would have included all correspondence including a copy of the letter that stated cell phone service was paid up front. Of course I never received it. At this point they turned it over to a collection agency (Service Receivables Management) who is complicit in this fraud. Finally all that publicity on the WEB about T-Mobile ‚Äútypically‚Äù not charging a termination fee was not experienced by me. They hit me with an over $30 termination fee. I cannot see a reason they decided to add the termination fee just for me.",1,billing,Negative,FL
"Hampton, GA","Nov. 4, 2025 I want to say that Tmobile expert Mathew",4,I want to say that Tmobile expert Mathew ** is top notch on customer service. He explained everything on point. While helping me he stopped to go outside to speak with an elderly gentleman and check on him. I felt so comfortable with no pressure. Somebody needs to give this man a raise. Thank you Mathew.,3,customer_service,Positive,GA
"White Oak, TX",2025-11-04 00:00:00,2,"Called T-Mobile and now I got to verify a fictitious account I don't have. I don't know no 6 digit pen to verify so they can ""help"" me. I hang up. I call back. I am able to provide this pin number and they still can't help me. They need to send a one time pin to me and they can't send it because I'm not an active customer. I am to go to the store upset so they can see me upset so they can call police on an angry black male so we can all see it on the nightly news. Wow so I called a T-Mobile store, not an authorized dealer. The guy there says even if I go to the store with my ID, the account has been written off. They still can't help me. So I would have hopped in my car to go to T-Mobile for nothing but to get arrested or shot and something.",1,billing,Negative,TX
"Houston, TX","Nov. 1, 2025 I",5,"I've been T-Mobile prepaid customer for many years. I renew on December 20th for several years. Last year I have $70 balance as of December 20. I add $30 on that date so as not to lose the $70 balance. T-Mobile forfeit my $70 balance anyway. I called T-Mobile and spoke to Lisa for more than 30 minutes to plea my case to no avail. In conclusion, T-Mobile is a robbery.",1,billing,Negative,TX
"Fort Lauderdale, FL",2025-10-31 00:00:00,31,"T-Mobile was not good for me. More expensive than they told me at sign up. Somehow I got to about $20 more than I expected to pay. Coverage is not good where I live. (Palm Beach) and when I went to cancel my account, I had to go in to verify myself. I have an account number, address, security questions, but didn‚Äôt have the right pass code number, so I couldn‚Äôt be verified. Total hassle cancelling my account. I had to go into a store to get my account closed. I have a credit on my account, and now I have to go in to a T-Mobile store again to get my $10 back.",1,billing,Negative,FL
"Placida, FL","Oct. 28, 2025 I cancelled my account with T",28,"I cancelled my account with T-Mobile on October 10th, got a better deal with Visible. On October 26th I was billed $40.13 by T-Mobile for the billing period of October 7th thru November 7th. I called customer service to get my money back minus the 3 days I had service, but was told that it is T-Mobile‚Äôs policy to bill the entire month when an account is closed. So, I‚Äôm paying for 27 days of no service. I‚Äôm feeling very ripped off.",1,billing,Negative,FL
"Ormond Beach, FL","Oct. 27, 2025 My service with T",27,"My service with T-Mobile was fine until I cancelled my plan when I found a better price elsewhere. When I first started my service with T-Mobile, I needed 2 lines for my son and I. They had a package with a 3rd ‚Äúfree‚Äù line that I never used and never connected to a phone. When I ported over the 2 active lines to a new carrier, T-Mobile started charging me $68/month for the 3rd never used ‚Äúfree‚Äù line. They said when the other two lines were ported to AT&T, the free line was no longer free. After my call with them, they still proceeded to charge me for another month. This is super shady in my opinion. Anything to make a buck. Well good for you, T-Mobile. You made an extra $204 off of me, but at what cost? I'm going to scream it from the mountaintops to anyone listening. It's not about the money, it's about the principle. You showed your complete lack of character in your corporate structure.",1,billing,Negative,FL
"Stockbridge, GA","Oct. 27, 2025 This has been THE WORST experience. T",27,"The fact that the people weren't listening to me, the fact the I feel the overall company fooled me into getting this plan, the fact that I can't even give it back 'cause my bill will go up... ALL OF THIS is truly hurtful that the company I have been with for almost 8 years, has duped me into something that's financially challenging for me, and I can't get out of. HIGHLY Disappointed in T-Mobile.",1,billing,Negative,GA
"Miami, FL","Oct. 26, 2025 Katrina a very kind customer representative from T",26,Katrina a very kind customer representative from T-Mobile Internet was prompt to help me rest my Internet at home and help me with the required information I was supposed to give her to help me. Furthermore she offer to call if I needed any again.,3,customer_service,Positive,FL
"Saint Petersburg, FL","Oct. 26, 2025 Have been with T",26,"Have been with T-Mobile for almost 22 years. Never has there been such difficulties in contacting T Mobile. Even this year in January 2025. It was easy. My phone a REVVL 7 5G has been terrible from the start. Have had to go to the T Mobile store, have had to call which is impossible. The phone has not worked since Friday afternoon and it is Sunday. Promised call backs. But none. They cannot send texts to verify me because it does not work. Went to the store yesterday. A friend took me because I cannot drive. And I have a severely disabled son at home. They did nothing. And told me no store could. The phone was purchased January 27, 2025. I will be sure to make it my business to let all the media outlets here in St. Petersburg Fl. know how dangerous this is because of my son. Oh and I am 80 years old and am trying my best. T Mobile should be ashamed of their phones and their service. It was not like this before.",5,coverage,Negative,FL
"Newnan, GA","Oct. 24, 2025 This is the most upset I",24,"This is the most upset I‚Äôve been with T-Mobile since I was a kid. They‚Äôve been charging me for international calling since 2022, even though I canceled it a few months after getting WhatsApp. Somehow, they have no record of my cancellation and have been adding an extra $15 to my bill every month for three years. When I called today, I was told it won‚Äôt be fixed until November 8 ‚Äî the exact same line I was given three years ago. The only ‚Äúresolution‚Äù offered was two months of credit and $10 off per month, after already taking more than $500 from me. The craziest part? The issue still isn‚Äôt fixed, and T-Mobile can clearly see that my international calling usage has been zero for the past 90 days. T-Mobile, please make this right.",1,billing,Negative,GA
"Houston, TX","Oct. 23, 2025 Rating",23,"The promotions and offers are misleading. For example, I was promised ‚Äúfree‚Äù tracking devices, but it came with hidden fees and conditions that weren‚Äôt clearly explained upfront. Transparency in billing and promotions would go a long way in improving trust. I hope T-Mobile takes this feedback seriously and get back to me at ** or call me back to cancel the tracking device. I‚Äôd love to see them live up to the potential they advertise. This review is honest yet constructive, aiming to provide feedback that could lead to improvements.",2,billing,Negative,TX
"Jacksonville, FL","Oct. 22, 2025 Love T",22,"Love T-Mobile's customer service. Walked into the store today and right away both employees knew what to do. Very knowledgeable, very friendly and polite. Went out of their way to help me. It was the Macclenny store. Aleara and Stella were awesome.",3,customer_service,Positive,FL
"Miami, FL","Oct. 22, 2025 I placed an order for airpods which had the incorrect address, spoke with Scarlet and she told me she would cancel it. My monthly bill comes around and turns out they shipped the airpods to the wrong address and expected me to go pick them up to which I told them absolutely not. This is their mistake and I don",22,"I placed an order for airpods which had the incorrect address, spoke with Scarlet and she told me she would cancel it. My monthly bill comes around and turns out they shipped the airpods to the wrong address and expected me to go pick them up to which I told them absolutely not. This is their mistake and I don‚Äôt have access to that address. It has been 2 MONTHS AND THEY ARE STILL ON MY BILL!!! I did not want to have to go out of my way to the store but I will be there canceling my plan tonight. DO NOT RECOMMEND!!!! THEY WILL TRY TO ROB YOU!!!",0,billing,Negative,FL
"Dallas, TX","Oct. 21, 2025 The worst ever, they are scammers, they overcharge and their customer service is the worst. I regret the day I got their services. They charged me",5,"The worst ever, they are scammers, they overcharge and their customer service is the worst. I regret the day I got their services. They charged me $325, and when I called them I got the stupidest answer ever. Poor connection, poor service and overcharging.",0,billing,Negative,TX
"Kissimmee, FL","Oct. 20, 2025 I was approached by T Mobile asking if I would be interested in trying their Wi Fi Internet service that works without a cable through the telephone cell towers. Since they offered 1 GPM service and I was looking for a new internet supplier and thought that a wireless",5,"I agreed and they sent me the equipment. I set it up and did multiple internet speed tests and to my surprise my speeds were only in the 50 MPM range. the next day I called and cancelled the free trial and they sent me a shipping label to attach to the original box that the equipment came in. I was to deliver the return to UPS for shipping return, which I did for no charge. (I kept the receipt). It's now 10/20/2025 and I have received multiple bills that I have had to call and deal with T-Mobile phone representatives to get the charges dropped. Fortunately I kept all of my emails and telephone call names and notes and have been able to have all the erroneous charges dropped!! I would not recommend that anyone use T Mobile Services. They do not appear to know what they are doing!!!",1,billing,Negative,FL
"Plano, TX","Oct. 17, 2025 1 star which they don",17,"1 star which they don‚Äôt deserve, but you have to leave at least one star to write a review. So, I‚Äôm very disappointed with T-Mobile‚Äôs handling of my account closure. I called in July to close my entire account, which had two phone numbers on it. One of those lines had already been disconnected a month earlier, and I only needed the unlock code for the other phone so I could switch to a different carrier. During my call, I clearly stated that I wanted the entire account closed. However, T-Mobile only canceled one number and left the other line active ‚Äî without my knowledge or consent. Now I‚Äôm being told I owe $262 for a service I did not use and specifically requested to be canceled. I do not believe I should be held responsible for this charge. I acted in good faith, followed the proper steps, and trusted that T-Mobile would handle the closure correctly. I hope T-Mobile reviews my account history and corrects this mistake.",1,billing,Negative,TX
"Sarasota, FL","Oct. 17, 2025 Rarely do I go public with experiences bad actors, but in this case I feel it is necessary. Be very aware of T",17,"In speaking with customer service, it became apparent that a shell game was going on that involved us being passed around to different agents who even couldn't provide a copy of my original agreement, let alone making a decision about fairly adjusting the bogus charges. There is a billing scheme in place there that has the intention of over-billing and then stonewalling any dispute of the charges I have had service with Verizon and ATT and I can tell you they are light years better than the connivers at T-Mobile. I can't stress enough to avoid these manipulators.",2,billing,Negative,FL
"Lithonia, GA","Oct. 17, 2025 We have to stop these mega corporations",2,We have to stop these mega corporations' greed by cutting ties. I plan to start a petition to file a class action lawsuit on T-Mobile for their illegal and deceptive business practices. They are grossly overcharging for services. The management sits on recorded lines and LIES. They better count their days as consumers we hold the power to end corporate greed.,2,billing,Negative,GA
"Hendrix, OK","Oct. 17, 2025 I am writing to file a formal complaint regarding an unresolved issue with a phone return I completed over a year ago. Myself and my son who is on the account I have tried multiple times in the past to have this resolved. I am at my wits",17,"The IEMI: ** Tracking number ** I shipped it from The UPS store #3883 718 US Highway 82 E. Sherman, Tx on Wednesday October 30, 2024 at 1:04 PM Thank you for your attention. Please contact me at ** for any follow-up.",4,activation,Neutral,OK
"Jacksonville, FL","Oct. 16, 2025 This company lures you in and then changes your plan to suit their needs no notice whatsoever giving less for more. I had the Magenta Plan 3 lines",16,This company lures you in and then changes your plan to suit their needs no notice whatsoever giving less for more. I had the Magenta Plan 3 lines $120. Now I pay $160 for 3 lines and this has been going on for months. I currently am on SSDI so I started taking a good look at all my bills and found the discrepancy. I feel like I must shut my account down after being with T-Mobile for years.,1,billing,Negative,FL
"Jacksonville, FL","Oct. 15, 2025 Made a complaint, the manager at the Hinesville Ga location acted like we mattered, had to get a new phone mailed. Was supposed to go the next day, six days later, we get she said we got to contact her, but we get no response. Thanks Cheryl",3,"Made a complaint, the manager at the Hinesville Ga location acted like we mattered, had to get a new phone mailed. Was supposed to go the next day, six days later, we get she said we got to contact her, but we get no response.",3,customer_service,Negative,FL
"Little Elm, TX","Oct. 14, 2025 I have been a customer for almost 8 years now, never had an issue. Until I went on a cruise. I bought a eSIM that had talk, texting and wifi. I used that service while on the cruise. T mobile is not trying to charge me over",2,"I have been a customer for almost 8 years now, never had an issue. Until I went on a cruise. I bought a eSIM that had talk, texting and wifi. I used that service while on the cruise. T mobile is not trying to charge me over $200 dollars in fees for calling. When I was using my eSIM to make the calls. They refuse to remove the charges. I will going else where.",1,billing,Negative,TX
"Oklahoma City, OK","Oct. 14, 2025 Terrible service. They lie for no reason and then take your money when they say,",14,"Terrible service. They lie for no reason and then take your money when they say, ""No we will make it right."" Probably better off doing a prepay and using ATT for internet so please pay attention. Don‚Äôt buy a phone",0,billing,Negative,OK
"El Paso, TX","Oct. 14, 2025 This company has the worst customer service ever. I",14,This company has the worst customer service ever. I've made 6 phone calls to customer service and each call I was on hold for 35 minutes to over an hour. I can't believe how they handle their customer service. All I've been trying to do is make a payment on the upgrade phone and it's been almost 9 days and they still can't take out the payment when my contract is over on the phone. I'm canceling my service.,0,billing,Negative,TX
"Orlando, FL","Oct. 12, 2025 I",12,I‚Äôve spent 2 hours trying to return a piece of equipment that I found at work. It‚Äôs brand new. Their customer service is trash! So today I learned why I never have and never will have T-Mobile Service.,5,coverage,Negative,FL
"Dallas, TX","Oct. 12, 2025 Tmobile is the crappie service I",12,Tmobile is the crappie service I've ever had in my life. They say better than at&t but that's a lie. I'd go with sprint before chosing them again. They're joke. I drop calls all the time. Heck boost mobile is probably better.,5,coverage,Negative,TX
"North Miami Beach, FL","Oct. 11, 2025 We",11,"We've had five lines with T-Mobile for years. The last couple of years, the connection quality has significantly deteriorated, with service dropping out several times a day. We decided to change providers, and then the problems started! They gave us the wrong PIN, then discovered our phones were blocked. And they couldn't unblock them for a week! Every call meant at least an hour of conversation. And yet, no problems were resolved! In the end, they even sent us a bill. When we contacted the service again, they promised a refund. Needless to say, they didn't give us a refund! They're scammers! I don't recommend dealing with them.",1,billing,Negative,FL
"Mcgehee, AR","Oct. 9, 2025 My experience was wonderful, calling. I waited probably five minutes to get connected to this nice lady named Z. She helped me with my issue of my billing. She gave me a discount helping my bill. Because my bill was outrageous",9,"My experience was wonderful, calling. I waited probably five minutes to get connected to this nice lady named Z. She helped me with my issue of my billing. She gave me a discount helping my bill. Because my bill was outrageous!!!! Give her ten stars if I could. Girly needs a raise!!! Everything was calm. Everything was dealt with in a professional manner. Very quick, one hundred percent recommend her to anyone else.",0,billing,Positive,AR
"Lilburn, GA","Oct. 8, 2025 One year ago, we went to the T Mobile Hwy 78, Stone Mountain GA store. A salesman gave me an incredible deal and a free iPhone, when I was ready to sign, he said he had to leave but his friend would take care of closing the deal. We signed and when reviewing the contract, that they sent us following week everything was different. They charged us for the",8,"One year ago, we went to the T Mobile Hwy 78, Stone Mountain GA store. A salesman gave me an incredible deal and a free iPhone, when I was ready to sign, he said he had to leave but his friend would take care of closing the deal. We signed and when reviewing the contract, that they sent us following week everything was different. They charged us for the ""free"" phone. This is called the switch and run fraud. When I called to complain, the manager apologized and offer to receive the phone back, but I already had discarded the old one and had the new one was all set up. Be careful. Bait-and-switch tactic,",2,billing,Negative,GA
"Fort Hood, TX","Oct. 7, 2025 Due to the government shutdown in September 2025, I contacted my phone service provider to request a payment extension. As an active duty soldier, there",2,"Due to the government shutdown in September 2025, I contacted my phone service provider to request a payment extension. As an active duty soldier, there‚Äôs no guarantee of receiving pay this month, and I wanted to take proactive steps to avoid financial hardship. Unfortunately, I was informed that no update had been issued to allow extensions for military members. This response was disappointing, especially considering my service to the country. In contrast, my car loan provider approved my extension request without hesitation, recognizing the unique challenges faced by service members during a shutdown. T-Mobile‚Äôs refusal to offer similar support has made me reconsider continuing my phone plan with them. It‚Äôs disheartening to feel unsupported during a time of need, especially when a simple request for flexibility could make a significant difference.",1,billing,Negative,TX
"Bryan, TX","Oct. 7, 2025 I was a T",7,"He told me I would be getting a text within a couple of weeks telling me how to claim my virtual credit cards for my reimbursements. I got the e-mail but only one card was ready the other one was pending. Two weeks later it was still pending. Finally yesterday it said it had been denied. Be very careful if you switch from to T Mobile from another carrier and make sure you get receipts for everything. Their coverage is still mediocre if you are in a building and try to watch anything, every three minutes it is stopping and buffering. If Verizon wasn't so expensive I would switch back in a heart beat.",1,billing,Negative,TX
"Douglasville, GA","Oct. 7, 2025 I",7,"I've been a customer since 2002. I finally pulled the trigger and ordered 2 new iPhone 17s. It's been almost 3 weeks and I still have not received them. I am not home during the day during the week and they shipped them UPS. I have called them several times to let them know they will never be delivered and ask for another means of assistance because no one is there to sign for them. They tell me I have to sign up with UPS My Choice and figure it out with them. All I get from UPS is, ""We attempted to deliver,"" but when we check our cameras for the attempted delivery time no one has even been to the door or left a note but twice. At this time I have zero customer service and I mean ZERO and 2 phones running around town with no way to retrieve them. Searching for a new carrier after 23 years. Worst purchase experience I have ever encountered. I can't wait for the refund debacle.",4,activation,Negative,GA
"Lago Vista, TX","Oct. 7, 2025 I have been with T",7,"Days later and my service is still not disconnected, I have called back 3 different times, each time being told something different. Now I am being told that since the system has generated a new bill already that that they can not disconnect my service and they can not credit my payment to the my remaining balance. I am literally being forced to pay for a phone I am no longer using and also being forced to pay another bill that will generate for a balance on a phone when they can clearly credit this amount with the amount I just paid for a service I am no longer using.",0,billing,Negative,TX
"Tampa, FL","Oct. 5, 2025 Well I just wrote a review and now it",5,"Well I just wrote a review and now it's erased. How is that happening. T-Mobile works with liars the customer service agents are liars. They lie right to your face over the phone while it's being recorded. And because of that I will be looking for another mobile service provider. You're not going to lie to me and it's being recorded. I guess you think you're the only mobile company around huh. I said bye to Sprint, I said bye to Verizon and I will say bye to T-Mobile. Don't lie to me and then think I'm going to still stay a part of your T-Mobile family. Where is your loyalty at with the customers are with your lying customer service agents.",2,billing,Negative,FL
"Tampa, FL","Oct. 3, 2025 Worst company ever. They didn",2,"Worst company ever. They didn‚Äôt like that I switched phone carrier in order to save over $150 monthly. So when I left they overcharged me for leaving and continue to raise the amount owed due to ‚Äúfees‚Äù. I called them to clarify my bill so I could pay it, but they couldn‚Äôt pull it up. I was sent to a store for clarification. Literally they didn‚Äôt not want me switch carriers. They made it very difficult. Also, overcharging.",0,billing,Negative,FL
"Palm Harbor, FL","Oct. 3, 2025 We recently discovered that our 81 year",3,"We recently discovered that our 81 year-old aunt stopped into our local T-Mobile store and was sold $250 Powerbeads Pro 2, stereo earbuds, and two power adapters. When we went to the local store to return the products, because it was beyond 90 days, and even though the products were still unopened, they wouldn‚Äôt accept a return. We were advised to call the customer care service, which we did. They also refused to accept the products for a return. It‚Äôs a shame that somebody wanted to earn commission money off of an elderly woman that had no need for these products. If you have a solution, **.",3,customer_service,Negative,FL
"San Antonio, TX","Oct. 3, 2025 When I switched from AT",3,"When I switched from AT&T was told that I was going to receive a $200 prepaid gift card. Come to find out that promotion ended a month before, so the salesman didn‚Äôt know what he was talking about. To me, that‚Äôs fraud, just so you can switch over and get credit for the sale. He pretty much lied and now nothing is being received. I would have stayed with ATT in that case, plus T-Mobile service is spotty and doesn‚Äôt - work when needed. I should have stayed with ATT the service was much better.",2,billing,Negative,TX
"Plano, TX",2025-10-02 00:00:00,2,"üö® Warning about T-Mobile üö® Watch out, people! T-Mobile adds charges and even extra lines to accounts without consent. I was billed for 18 months for two lines I never requested. When I raised the issue, customer service was rude, unprofessional, and blamed me instead of taking responsibility. They refused to issue credits for their mistake. This is fraud and terrible customer service‚Äîprotect yourself and double-check your bills!",1,billing,Negative,TX
"Houston, TX","Sept. 30, 2025 Joining T",30,"Joining T-Mobile is the worse decision I have ever made, I had Metro by PCS for over 6 years and never had issues with them. I got a text from T-Mobile that I qualify for a free phone since I have been a loyal customer with Metro, I went to the store and signed up. It‚Äôs been 3 months and this has been terrible, my bills keep going up each month and they can‚Äôt give me a good reason why. When I joined I was told my bills for my home internet plus phone would be 115 but since then it has gone up to 170 and I can‚Äôt tell you why. They might have got me but I‚Äôm doing this to save the next person, DO NOT SIGN UP FOR T-MOBILE, I repeat DO NOT SIGN UP FOR T-MOBILE. You will regret it, Google T-Mobile and you will see they are losing tons of customers. Little wonder why.",5,coverage,Negative,TX
"Kissimmee, FL","Sept. 28, 2025 I stayed on the phone for nearly an hour brushing out the detail of my upgrade which I was guaranteed a monthly price that I question the representative at least six times concerning this price. Her name was Erica and we spoke on the 27th of September at around six o",28,T-mobile is very misleading and they tell you anything to lock you into a price for their benefit. This is misleading for the customers and this is not fair bargaining procedures and I am very disappointed. I've been with t-mobile for over but seven years. Five years. Right now I'm rating their performance as far as dealing with customers at the lowest rate because of misleading how many people how many other people out there have they misled to believe something that wasn't true.,2,billing,Negative,FL
"Newnan, GA","Sept. 28, 2025 Does not work in West Newnan. Horrible service. Do not use this for any reason. Bad reception or zero. Help is nonexistent. Customer service is a joke. This company should be bought out or go away. Horrendous service. Thanks for your vote",28,Does not work in West Newnan. Horrible service. Do not use this for any reason. Bad reception or zero. Help is nonexistent. Customer service is a joke. This company should be bought out or go away. Horrendous service.,4,activation,Negative,GA
"Willis, TX","Sept. 27, 2025 We recently visited the T",27,"We recently visited the T-Mobile kiosk inside Costco to change our cell phone plan, and I can't speak highly enough of the service we received from Kayleigh **. She was incredibly patient, friendly, and professional throughout the entire process. What truly sets Kay apart is her consistent, wonderful attitude. We shop at Costco frequently, and every single time we see her, she greets us with a smile and asks, ""How can I help?"" She remembers us and makes us feel valued. Because of Kay's expertise and genuine care for customers, we are now on a perfect plan for our needs. She is a huge asset to the T- Mobile team and reason we will continue to be loyal customers. If you're at Costco and need wireless services, I highly recommend asking for Kay!",3,customer_service,Positive,TX
"San Antonio, TX","Sept. 26, 2025 I hate T",2,"I hate T-Mobile with a passion. Their communication sucks. If you miss a payment they won't tell you. They'll let you miss it so you have to pay their stupid reactivation fee. Also, when you have to get a new phone, they'll charge you a stupid ""upgrade fee"". T-Mobile is a greedy company who only cares about money. They don't care about their customers or employees at all. My monthly payment is $80 and I forgot to pay. Literally 2 days after missing it they deactivated my service and charges me +$30 to reactivate it, completely unnecessary. Just them wanting more money. Money Money money, that's all they care about.",1,billing,Negative,TX
"Tampa, FL","Sept. 26, 2025 I need help with my phone, and there is a 30 minute wait and every time I hit 1 for a call back it just keeps me on hold. I need my phone for work, this is literally costing me thousands of dollars bc of it this week",26,"I need help with my phone, and there is a 30 minute wait and every time I hit 1 for a call back it just keeps me on hold. I need my phone for work, this is literally costing me thousands of dollars bc of it this week!!!!",4,activation,Negative,FL
"Atlanta, GA","Sept. 26, 2025 I was a customer of Metro for many years. So I visited their store to discuss an upgrade. The rep informed me I was eligible for a free phone and only needed to pay shipping fee and would now be a T Mobile customer. The phone arrived and I had problems with not receiving text messages and constant ads. I went to T Mobile several times regarding this issue and they basically said I had a bad phone. Now I get a bill after two months stating I owe",26,I was a customer of Metro for many years. So I visited their store to discuss an upgrade. The rep informed me I was eligible for a free phone and only needed to pay shipping fee and would now be a T Mobile customer. The phone arrived and I had problems with not receiving text messages and constant ads. I went to T Mobile several times regarding this issue and they basically said I had a bad phone. Now I get a bill after two months stating I owe $640 for the phone that I was told was FREE. Very bad service from in store rep....giving misleading and untrue selling practices.,1,billing,Negative,GA
"Von Ormy, TX","Sept. 25, 2025 What I didn",2,What I didn't like was that I made a payment arrangement and set it up and hour later saying I owe the amount...What's the point of making an arrangement if you're asking for it in full...When I had an arrangement for the 5 and 20th of October...Paid it in full getting away from the mobile smdh,0,billing,Negative,TX
"Kaufman, TX","Sept. 25, 2025 I would definitely give a zero star review if I could. I absolutely regret switching to T",25,"Trying to find anything about your account on the app or online is next to impossible. For example, I have three devices on payment plans that I pay for monthly, however, when I try to look up the remaining balances on them, only the primary device is shown. There's a way to find that info, but it basically requires spending an hour on the app clicking every single button and/or link available until you stumble on it. I also found out recently that, for some reason, I have been paying taxes on two inactive lines for awhile now--lines I do not need or want. Given all of this, I should have known better than to switch to them for internet services, but in a moment of frustration with my previous company, I made the switch. T-Mobile is the absolute worst internet service available. First off, it is constantly cutting out and disconnecting from our devices although the router says that our reception is ""very good"". None of our devices connect automatically to the wi-fi, even though they're set to do so. I have to manually connect our phones, TVs, my laptop, etc. several times throughout the day. I also live in a very, very small house, yet not all of our rooms get reception. When initially connecting to the router, following the directions did not work, so I had to call for help. The tech had me go in the app, and set up a new name and password for our wi-fi, which I did following his exact instructions. Now both the new name and the original name that's printed on the router show up in the list of options. If you connect to the new name, the service is spotty at best, but if you connect to the original, you get a slighty better connection. It absolutely does not make any sense! Sorry for the long review, but if you took the time to read all the way through, please learn from my mistakes and choose a better service, or at least do your own research before committing to T-Mobile. As for my family, we are washing our hands of this company as soon as our devices are paid off. With all the chaos of day-to-day life, having dependable phone and internet services are necessary but should, in no way, complicated life any further.",5,coverage,Negative,TX
"Jacksonville, FL","Sept. 25, 2025 My bill has never been accurate since day one. I never would",25,My bill has never been accurate since day one. I never would‚Äôve switched providers if I wasn‚Äôt lied to you and told that they could save me money. After the second bill came out I called to inquire about why my rate was higher than I was told. They assured me they were going to adjust it and I would see it on my next bill. That never happened. I called back. Once again was told that they adjusted it and that also never happened. I keep getting one excuse after another. Do not believe the prices that they tell you. They tell you whatever you want to get you to sign up.,0,billing,Negative,FL
"Celina, TX",2025-09-25 00:00:00,25,Switch phones out. A month later T-Mobile add over 400 dollars to my bill saying the warranty didn‚Äôt accept my exchange due to the hair line crack and that you have to pay for the phone. The problem I have with that is T-Mobile charging over 400 dollars for a refurbished phone that‚Äôs worth less than 150. And they won‚Äôt even send you back your old phone so you can give them back a phone that‚Äôs not worth the price. If I would have known they were going to charge over 400 dollars for an iPhone 11. I would have just bought a new phone out the store and never tried to switch phones. I would never recommend getting a mobile phone from them. I wish I could give 0 star.,1,billing,Negative,TX
"Cypress, TX","Sept. 24, 2025 I am a T mobile customer for 7 years. Very happy with overall service and connections. Cristal on Tuckerton store in Town Lake Cypress is horrible. The worst customer service ever. Lazy and very unprofessional. She hates her job. I left and went to best buy to get a unlock Motorola g edge power 2025. She dismisses all the perks and offers you sent over at the app. Very poor service and unprofessional. Thanks for your vote",24,I am a T mobile customer for 7 years. Very happy with overall service and connections. Cristal on Tuckerton store in Town Lake Cypress is horrible. The worst customer service ever. Lazy and very unprofessional. She hates her job. I left and went to best buy to get a unlock Motorola g edge power 2025. She dismisses all the perks and offers you sent over at the app. Very poor service and unprofessional.,3,customer_service,Negative,TX
"Shawnee, OK",2025-09-23 00:00:00,23,"""Free phone and Line"" cost me over $300 altogether. Getting the runaround about unlocking the phone I BOUGHT and PAID for. Do NOT trust them AT ALL. The customer service was horrible, and they lie in order to trap you into paying more.",0,billing,Negative,OK
"Fort Lauderdale, FL","Sept. 22, 2025 Ok I went off advertisement.. so a responsible price for internet.. OMG why did I call. Of course that",22,Finally after 12 days of torture they received back both phones and all accessories‚Ä¶ I cancelled phone account with them thank God. But the bill on mobile app still showing I have to pay a phone bill plus internet. Smh. I guess I go to corporate this week try fix that. Oh I forgot to mention Sept 5 was the first time ever calling them to become a customer. Omg whhhy!!! Every time I call someone else to sell me another phone. Smh and always promise to fix last situation. Smh. I will not pay a phone bill for a phone I do not have. Bottom line fix my billing statement. I only have WiFi and I wish I never connected that.. Their customer service and billing department is a mess.,0,billing,Negative,FL
"Norcross, GA","Sept. 21, 2025 2161 Pleasant Hill Rd",2,"2161 Pleasant Hill Rd #101, Duluth, GA 30096. I've been on the customer service hold for 1hr 29mins and counting. People in the store are pathetic. Don't know anything. I've brought on myself to activate my phone, promise I will leave Tmobile after 15 yrs.",3,customer_service,Negative,GA
"Tampa, FL",2025-09-21 00:00:00,2,"T-Mobile is very unethical as my phone bill would be over $300 one month then drop to $270 and this has gone on for some time, also they were charging me $18 a month for Netflix when it was free with my plan and the last straw was when they were charging me for a phone they said was a free promotion also I was with them for over 10 years with an excellent payment history and would not recommend anyone use T-Mobile and if you do watch your bill closely.",2,billing,Negative,FL
"Montgomery, TX","Sept. 21, 2025 To the point. T",3,To the point. T-Mobile service is just bad.. period. Horribly weak signals in home with router and upgrade. The saddest weakest service I have EVER had the displeasure of dealing with. I really tried to hang on because their call in centers aren't bad but their coverage is well I already said it.. Gonna have to give Starlink a try. I'm thinking.,5,coverage,Negative,TX
"Dallas, TX",2025-09-20 00:00:00,2,T-Mobile is one of the biggest scams. Why should I have to pay over 4000 dollars a year for internet and shitty ass service. They won't work with you. They try to so well there's a promo going on. Well how about charge me for what the service is worth. They charge you because they can and laugh about it when you get the plan. And they don't pay taxes at all at the end of the year. But they make us pay all these surcharges and pocket the money. It's a joke.,2,billing,Negative,TX
"Houston, TX","Sept. 19, 2025 This company stole my last payment to unblock my phone. They can",19,This company stole my last payment to unblock my phone. They can‚Äôt find where the money goes. I can provide with my name and number to any manager who wants to discuss the details and I can provide without any problem.,0,billing,Negative,TX
"Atlanta, GA","Sept. 19, 2025 I",19,I‚Äôve been with T Mobile about 7 + years and I‚Äôve never experienced so many discrepancies with a phone company that‚Äôs lied about the billing. I‚Äôve been over charged every month since I started service with them. I would absolutely not refer them to anyone not even an enemy!!!!ü§¨ü§¨ü§¨ü§¨ü§¨,1,billing,Negative,GA
"Lithia Springs, GA","Sept. 19, 2025 T Mobile is horrible. The price looks appealing, however they do not follow through on their word. Never swapped my account over as they never kept 3 appointments. However they debited my account on August which they refunded immediately without questions. However they did not removed my card from their system and this month September it happened again. Frustrated I call, was told it would take 24 to get an approval, but I pressed and asked what was different this month, they wanted to argue, refuse to get a supervisor on the phone. I have now been hung on 3 different times. Thanks for your vote",19,"T Mobile is horrible. The price looks appealing, however they do not follow through on their word. Never swapped my account over as they never kept 3 appointments. However they debited my account on August which they refunded immediately without questions. However they did not removed my card from their system and this month September it happened again. Frustrated I call, was told it would take 24 to get an approval, but I pressed and asked what was different this month, they wanted to argue, refuse to get a supervisor on the phone. I have now been hung on 3 different times.",1,billing,Negative,GA
"Tampa, FL",2025-09-19 00:00:00,2,"T-Mobile customer service is the worse of the worse. The English is not understandable. They promise they will do what we discuss and not follow thru. Next thing you know your bill is jacked up. English needs to be taught. Everyone is called either, Chris, Michelle, Nico or David. What are the foreign really names.",5,coverage,Negative,FL
"Palestine, TX",2025-09-18 00:00:00,18,"** Seen this commercial and thought about switching? High dont recommend it, been with Verizon for 15 years, switched to T-Mobile 5 days ago because I was having service issues with Verizon, I got thr best plan with T-mobile with the Starlink access, that says you can virtually send a text at least from anywhere, this is so no true, I have the same service issues in the same places as I did with Verizon even with the 600 or whatever starlink satellites they say they have.",5,coverage,Negative,TX
"Fort Myers, FL","Sept. 17, 2025 This service is terrible. Nothing ever works. You are constantly trying to get ahold of someone and it takes hours just to get a simple problem resolved. I will be going somewhere else. I can",17,This service is terrible. Nothing ever works. You are constantly trying to get ahold of someone and it takes hours just to get a simple problem resolved. I will be going somewhere else. I can‚Äôt take this anymore. If I‚Äôm paying for a service It needs to work.,4,activation,Negative,FL
"Miami, FL","Sept. 17, 2025 I closed my account due to constant poor internet connection and very poor customer service. The internet was very slow. Almost not there at all. Yet I was paying",3,I closed my account due to constant poor internet connection and very poor customer service. The internet was very slow. Almost not there at all. Yet I was paying $65 a month. When I pay my bill by phone they charged additional $10. For that service. Since my disconnection I. Keep being billed $7.a month for late fees?? But I don‚Äôt have an account! Can‚Äôt use the automatic phone service because I don‚Äôt have an account to verify. Can‚Äôt talk to a representative because I don‚Äôt have account to verify. The app is useless because I no longer have an account. Can you see the nightmare this has become? If I don‚Äôt pay the 7$. a month it will compound and count against my credit too. What am I supposed to do? Keep paying $7. a month till the end of time? I‚Äôll hand write a letter to customer relations today and certify mail it. My only other choice is to hire an attorney. T-Mobile has to be stopped somehow. I owe them nothing. What a nightmare!!,1,billing,Negative,FL
"Port Saint Lucie, FL","Sept. 17, 2025 Been with T",2,"Been with T-Mobile 8 plus year, so, so coverage & rate hikes, but worst of all when I transfer my lines to another carrier early this year & try to cancel theirs multiple ways, but I‚Äôm told I can do nothing w/o a 4 digit code that sent to their old line with that no longer exist to get it. Stuck paying $200 bill monthly with no way out even tho I pay the new carrier for the same transferred lines for many months now. W/o the code they say I have no authority over the account, but I‚Äôm still liable to the bill on service not provided. This security tactic bondage scam is sickening. Thieves, I‚Äôll have to take to court to make bills stop & recoup $1000‚Äôs it‚Äôs looking like.",1,billing,Negative,FL
"Decatur, GA","Sept. 16, 2025 I have never spent the whole weekend and two days at a phone carrier store. Friday 6 whole hrs. Saturday 2 hours, Sunday 1hr, Monday 1 hr, Tuesday 30 minutes. Tuesday was the worst experience, the store was smelling like weed, the gentlemen had words with another person and said he wasn",16,"So l got to another store to get some help, the store on Moreland Ave. Wonderful customer service. Fixed the problem in 1 minute. Told me those ear bugs work with a different cord. I said why didn‚Äôt they tell me that instead of saying my iPhone cord would work but it didn‚Äôt so l had to purchase a cord and a block. I don‚Äôt understand how TMObile don‚Äôt know their product and say anything. Especially when l switched over from metro, the gentleman one the phone lied about everything he was telling me about tmobile was a lie. I didn‚Äôt even know he ran my credit. He lied about the cost, the protection plan, unbelievable. But l do like my phone and the service with TMObile and also the internet was so easy to hook up. The South Harrison store was the worst crew ever, including the Manager. I never seen a worker say, l didn‚Äôt make no money off you yesterday, l don‚Äôt really have to help you. Unbelievable. I will be writing corporate too.",3,customer_service,Negative,GA
"Miami, FL","Sept. 16, 2025 Terrible customer service and deceitful. We signed up over the phone through an account representative and were planning on getting new phones and bringing over our two phone lines. We discovered not only did she create temporary lines for us",16,"We spent 3 HOURS in the store with the manager and on the phone with customer service. FINALLY, we received confirmation that our phone lines were canceled, and we were sent a return label for the phones. A month later, we received a phone bill from T-Mobile for the 2 lines that we had canceled a month ago and never used! We called customer service and they informed us that the bill would be taken care of. We just received ANOTHER bill today for late fees from the phone bill from the previous month of services that we never used or activated.",1,billing,Negative,FL
"New Orleans, LA","Sept. 16, 2025 Text message issues. My texts aren",16,"Text message issues. My texts aren't being received. A week now. Sent everywhere. No resolution. Spoke with ""Ms. **"" on September 15, 2025. She went BEYOND in her efforts to assist me. She gave me huge hope for the Customer Care service. My husband and I need to find PIN number, so resolution not found, but ""Ms. **"" showed excellence in her efforts to troubleshoot every other way. Each store I've encountered did nothing to help us. 5 years Customers. Thank God for people like ""Ms. **."" Mrs. Phyllis **. New Orleans, Louisiana. I'm praying for a resolution. My husband can only communicate via text on job. SOME PLEASE HELP. THANK YOU ""MS. **.""",3,customer_service,Positive,LA
"Atlanta, GA","Sept. 12, 2025 I no longer have T",12,"I no longer have T-Mobile because they were charging me a fortune. I changed providers BUT I forgot to cancel my MOBILE HOT SPOT from T-MOBILE. No matter how many times I call or go online to chat, they can't do ANYTHING to help me. I'm still being billed for this hotspot that I have tried to cancel for the last 2 weeks. Their online chat SUCKS & I don't like using that word, but it does. They keep telling me to log in over & over again. Then the chat tells me to call & they are even worse! They are IMPOSSIBLE TO CANCEL unless you switch to another provider to include the hotspot, if you have one. They literally give you a LIVING HELL to cancel. They continue to bill me for this mobile hotspot that I PURCHASED OUTRIGHT & they are charging me monthly because they REFUSE to cancel this account for me. HOW CAN THEY JUST KEEP STEALING FROM CUSTOMERS? In my opinion, they are awful & very dishonest.",1,billing,Negative,GA
"Houston, TX",2025-09-12 00:00:00,3,T-Mobile has the worst service ever!!!! A lot of times I don‚Äôt get my texts and calls thru my phone. This is a ongoing problem because friends and family have the same issue. T Mobile knows about this problem!!!! Will change my service!!!!,5,coverage,Negative,TX
"Bella Vista, AR","Sept. 11, 2025 Their app and procedures are extremely frustrating. Going in circles and continuously being charged despite trying to cancel has be rejoicing the day I decided to change providers. I",11,Their app and procedures are extremely frustrating. Going in circles and continuously being charged despite trying to cancel has be rejoicing the day I decided to change providers. I‚Äôm now having to go through my bank to block charges so I can end the madness! The people were friendly but just so unhelpful and I don‚Äôt fell like it was their faults. T-Mobile needs to fix their procedures.,1,billing,Negative,AR
"Mckinney, TX","Sept. 10, 2025 I added a line to my phone and traded a phone in. I told them I wanted no changes to my contract. They said I could pay the phone off by calling in, as they could not take payments at the store. I called to pay off phone and I was told I could not unless I wanted to pay full retail instead of the 50",10,"I added a line to my phone and traded a phone in. I told them I wanted no changes to my contract. They said I could pay the phone off by calling in, as they could not take payments at the store. I called to pay off phone and I was told I could not unless I wanted to pay full retail instead of the 50% off promotion. So I have payments for 2 years. I asked to return the phone and get my old one back. They can‚Äôt do that either. Terrible company, this is what you get after being a customer for 15 years. I am going through arbitration to get out of this and I will never use T-Mobile again!!!",1,billing,Negative,TX
"Statesboro, GA","Sept. 9, 2025 Worst company I have ever had for phone service. Little to no connection where I live higher prices and the absolute worst customer stomper service ever. Finally after 2 year contract I left. 7 months later they are still sending me bills saying I owe money after I paid their final bill. T mobile now threatening me with collection agencies. I didn",9,Worst company I have ever had for phone service. Little to no connection where I live higher prices and the absolute worst customer stomper service ever. Finally after 2 year contract I left. 7 months later they are still sending me bills saying I owe money after I paid their final bill. T mobile now threatening me with collection agencies. I didn‚Äôt know they were this crooked of a company.,1,billing,Negative,GA
"Spring Hill, FL",2025-09-09 00:00:00,9,"I understand the tax on the plan. But you also need to add insurance on your free phone that cost you $18 per line. So now your base plan is $252 with tax, insurance and plan. But told if you don‚Äôt have insurance and your free phone breaks you need to pay what ever remains on their free phone plan. So bottom line they advertise all these perks that you never really get in the end.",0,billing,Negative,FL
"Tamarac, FL","Sept. 9, 2025 I been with T",9,I been with T-Mobile over 15 years. I have a family plan of 4 lines that I pay over $300 a month for with insurance. Recently my phone broke and I was told you don't carry the phone anymore and I had to wait on a phone with no time frame leaving me with a broken phone. A supervisor told me he would personally be taken care of it and would call me within 3 days. He never called me and at this point I will be leaving you guys. I felt like I been ripped off and I don't encourage anyone to use this carrier.,1,billing,Negative,FL
"Hollywood, FL","Sept. 8, 2025 I am going out of the country and I need to buy an additional e",8,"I am going out of the country and I need to buy an additional e-sim card as the T-Mobile options are not as effective. However my phone is locked and cannot be unlocked as there is a balance on the phone. That said, I have a promotional credit as I turned in a brand new phone when I switched to TMobile which will pay off the phone in monthly installments. If I pay the balance to get the phone unlocked I lose this credit. This makes no sense to me as I lose either way. I am only asking for the phone to be unlocked for 11 days to add another eSIM card. If this isn‚Äôt possible, they can simply charge me the remaining balance for whatever reason that would cause me to lose qualifying for the monthly credit They are stuck on their policies and common sense is not being applied.",1,billing,Negative,FL
"Apopka, FL","Sept. 8, 2025 I",8,I've paid for insurance for over 24 months and after spending 7-8 days with customer service a rep offered me 50$ off a 100$ deductible. After he transferred me they hit me with a 212$ bill ... The day I get my replacement I'll be going in person to close this trashy service. I'd rather Spectrum or an American company who can understand ... I asked 5 representatives if one night where they were located and they all said Philippines and no matter how I expressed my issues they all just read the same script... If I could I'd leave 0 stars and my family has been with them since the mid to late 90s.,0,billing,Negative,FL
"Marietta, GA","Sept. 6, 2025 Hello, I live in Kennesaw, GA, and I have experienced very poor T",6,"Hello, I live in Kennesaw, GA, and I have experienced very poor T-Mobile coverage for years near the Target shopping area (Barrett Parkway) and around Kennesaw Mountain. Calls drop frequently, data is very weak, and coverage inside stores is almost unusable. Other carriers like AT&T have installed more small cells in this area, but T-Mobile coverage has not improved. Can you please escalate this issue and let me know if there are any planned?",5,coverage,Negative,GA
"Houston, TX","Sept. 4, 2025 On 9",4,"Today 9/4 I went their location close by to cancel, they called customer service and I the incompetent and rude rep said I owe $56, for the services that failed me they still want to charge me. I paid but they will never see mine and my family‚Äôs money. They‚Äôre useless, with Boost it turns out they‚Äôre charging me $25 for the same plan of $50. I am in awe with customer service of a company this huge. I would stay away from them if I were you",0,billing,Negative,TX
"Miami, FL","Sept. 4, 2025 I recently made the switch to T",4,"I recently made the switch to T-Mobile, and it‚Äôs been nothing but frustrating since. After signing up, the sales representative who helped me has completely disappeared, no return calls, no replies to my texts, nothing. I‚Äôve tried to get in touch multiple times with zero response. To make matters worse, when I decided to cancel the service, I was met with a long and tedious verification process over the phone. Even after providing all the requested information, they still refused to cancel my account. It feels like they make it intentionally difficult to leave. This level of customer service is unacceptable, especially after being a new customer. I regret making the switch and would not recommend T-Mobile to anyone based on this experience.",5,coverage,Negative,FL
"Huffman, TX","Sept. 3, 2025 Joke Is on CUSTOMERS",3,"Joke Is on CUSTOMERS! The UNLIMITED HOTSPOT IS TOO SLOW! GUARANTEED after your (small) high speed runs out and your unlimited kicks in, it kicks you OFF constantly. No Pandora, NO web surfing, NO Netflix, NO checking email!",4,activation,Negative,TX
"Pompano Beach, FL","Sept. 3, 2025 I have been a customer for more than 10 years and this year has really put the nail in the coffin. I have not had service in my home for over 7 months. The network extender has been discontinued, and these people and are only saying",2,"My phone has been stuck in SOS mode for more than 3 hours and I'm a realtor with this phone number listed everywhere so now I'm unavailable. They have told me they will order a replacement device and ship it within 1-2 days, I asked could I pick up a phone from the store and trade in my device and I was offered to get a $600 phone without a trade in and I pay $300 as an EIP. I should not be financially responsible for a mistake on your side. I am taking my lines and leaving T-Mobile, and I have 9 lines, If they treat customers of 11 years this poorly, imagine what they will do to you as a new customer.",1,billing,Negative,FL
"Hindsville, AR","Aug. 31, 2025 Since Sprint sold us out and I had to change over to T",31,"Since Sprint sold us out and I had to change over to T-Mobile, they lie on their commercials stating that they cover remote areas. I live near Goshen, AR, but do not have good coverage. Every time the power goes out, we lose coverage. Can't even call the power company.",5,coverage,Negative,AR
"Fort Worth, TX","Aug. 30, 2025 I visited T",30,"I visited T-Mobile Retail store#985D located just minutes from downtown Fort Worth. I was met with a warm smile and a friendly ""hello‚Ä¶how may I help you?"" Ms. **, was kind, courteous and knowledgeable about assuring me that I made the right choice in switching my carrier plans. Not only was my phone upgraded to the newest version, I received an upgrade to my digital watch and I was so pleased with all of the promotions, I even switched my internet connections as well. My sales representative took her time with me, I never felt like a number, I became a Real Customer with a Real need that was resolved before I left. Again, thanks TMobile for providing me with excellent service.",3,customer_service,Positive,TX
"Fairburn, GA","Aug. 30, 2025 Forced to go from Sprint to T",30,"Forced to go from Sprint to T-Mobile. Bill stayed consistent until last month, then this month almost double-issue resolved last month-then almost double again, called placed on hold with cs for over an hour with excuses....Then placing me on hold without mute calling me a ** and never coming back to the phone-finally connecting with Mercedes?!? Asking for Mike Sievert's email and got a generic crresponse@t-mobile.Com. No number to contact anyone besides the loser cs they have hired. Take your money elsewhere-no contact number or email for the individuals in charge, yet take your money-don't correct billing issues-this is an issue for the AG in every state. Not taking ownership of billing issues and ignoring the public consumer.",1,billing,Negative,GA
"Bradenton, FL","Aug. 29, 2025 In store manager used bait and switch tactics to charge us over twice what he promised us. Corporate customer service took his side. Customer service person told me that I had no way of proving what I was promised, even though my wife heard the same thing. Thanks for your vote",29,"In store manager used bait and switch tactics to charge us over twice what he promised us. Corporate customer service took his side. Customer service person told me that I had no way of proving what I was promised, even though my wife heard the same thing.",4,activation,Negative,FL
"Tampa, FL","Aug. 29, 2025 I",2,"I've tried for the last two days and talking with 4 agents trying to obtain my T-Mobile rebate card. After. Successfully explaining the reason for calling not one of the agents were able to repeat and understand what I said. After the fourth time of explaining to no avail, becoming extremely distressed mentally and physically, I had to end the call without obtaining the information sought.",1,billing,Negative,FL
"Hialeah, FL","Aug. 28, 2025 I have been with TMobile for 10 years, I am typically pretty loyal. I unfortunately became very unhappy, no discounts for existing customers, if you want to add a promo you need to add a line and choppy service. I saw an offer from a competitor that gave me only the lines I needed and new phone plus any old phones that needed to be paid off would and I took it. Transferred all my in",3,I unfortunately assumed T-Mobile charged me that first month maybe a reminder of the month used. Next month comes and I had another bill higher than the last. They said I didn‚Äôt cancel all the line even though I didn‚Äôt have access to them because I needed to verify my account by going in person. They kept the two unused lines they had me create to get a discount and I couldn‚Äôt access them but I was being charged. I was in the call blamed for not seeing it in my previous bill and when I did see it come in the next month I still could not close my account until my cycle ends.. I have to pay for lines not used until end of the cycle because you can‚Äôt cancel in the middle of the cycle. Unfair and scammy if you ask me. Not for their consumer at all.,1,billing,Negative,FL
"Houston, TX","Aug. 28, 2025 Overpriced and customer service has gone down the toilet. I",28,Overpriced and customer service has gone down the toilet. I've had them for 20 years and have always been very loyal to them but I've watched them go downhill as their prices have gone up and now looking to switch carriers. The service is spotty and I live in the 4th largest city in the nation so if you're in the burbs or country I would keep looking for another company.,5,coverage,Negative,TX
"Miami, FL","Aug. 27, 2025 Most incompetent people ever",27,"Most incompetent people ever!! Opened a business line and was promised my phone next day! Didn‚Äôt get tracking until 4 days later and got the phone one week later! I tried stopping the order, refusing the order after the second day‚Ä¶.useless! Called a million times and transferred a trillion times! Everyone had a ‚Äúsolution‚Äù but when it got to that solution, no wait you can‚Äôt do that, need to wait for another solution! It‚Äôs been ONE week, now the phone was delivered without me signing for it‚Ä¶and there solution is going into the store!! WASTE OF ONE WEEK!! They don‚Äôt know what they are doing!! Making things up as they go along!! I ended up going to AT&T got my phone same day, better phone and cheaper rates!",4,activation,Negative,FL
"San Antonio, TX","Aug. 27, 2025 I",4,"I've been a T-Mobile customer since they BECAME T-Mobile. For the past 3 years my phone service has been great... Everywhere.... EXCEPT INSIDE MY HOME. I have lived in the same house for 7 years. First they lied to me and said the tower I connected to was being upgraded. FOR 2 YEARS. Then they finally told me the truth - they decommissioned that tower and ""unfortunately my home is now located in a dead zone"". I was told I could use my WiFi for calls. Then why am I paying for cellular service?? I spoke to so many people who all said the same thing- dead zone. One even suggested I move! I live in San Antonio. Not outside city limits. In a well developed neighborhood in NE San Antonio. So tell me again how great your coverage is???",5,coverage,Negative,TX
"Port Charlotte, FL","Aug. 26, 2025 Shout out to the young ladies at the Punta Gorda store in Punta Gorda FL. 2310 s Tamiami Trail. Special shout out ALEXANDRA P for your outstanding service to the community and T",26,"Shout out to the young ladies at the Punta Gorda store in Punta Gorda FL. 2310 s Tamiami Trail. Special shout out ALEXANDRA P for your outstanding service to the community and T-Mobile. You are always friendly, polite, patient and helpful. I am grateful to have you working at this store.",3,customer_service,Positive,FL
"Dallas, TX","Aug. 26, 2025 Never trade in your phone with T",26,"Never trade in your phone with T-Mobile. They basically set up a bill for you to pay for your phone with your plans, and if you switch carriers or leave T-Mobile, they'll charge you with the ""credit"" they give you, or with what they weren't able to give you.",2,billing,Negative,TX
"Atlanta, GA","Aug. 26, 2025 It is beyond frustrating to be a T",2,"It is beyond frustrating to be a T-Mobile customer. I almost never have service anywhere, and my calls drop constantly. On top of that, T-Mobile has acquired and monopolized other phone companies like Boost Mobile and others, leaving customers with practically no affordable alternatives for phone service. This is very poor service, and it feels like we are forced into bad options with no real competition.",5,coverage,Negative,GA
"San Antonio, TX","Aug. 26, 2025 I have Metro by T",26,"My child receives a lot of online studies from the school & I want to make sure he has every opportunity to stay on track. We are low-income & on government assistance. I feel the program was made for parents actually using it to better their child's education, which is why I am trying to apply. Not happy with the customer service I received & still need assistance. Thank you.",4,activation,Negative,TX
"Houston, TX","Aug. 24, 2025 Absolute GARBAGE",4,"Absolute GARBAGE!!! It infuriates me every time I see your commercials about coverage everywhere. I don‚Äôt even get coverage in the middle of my city! Where I reside! I drive a truck for work and no matter where I am, I hardly EVER have service!!! I‚Äôve had free government phones that have better service than this garbage! As soon as I can I will be dropping this trash and going somewhere else! I keep getting texts about how much fate I have used but yet, I pay for unlimited everything. Or at least that‚Äôs what my package says I had. Just an absolute garbage company and service. I wouldn‚Äôt recommend this to anybody!!! Do better! And stop lying thru your teeth on your adds! It‚Äôs disgusting! Crooks!",4,activation,Negative,TX
"Mcallen, TX","Aug. 23, 2025 I was told a price and it is completely different. Spoke to supervisor and said you record all calls please review mine. No answer and still have a bill I need to pay due to lies from TMobile. Was a good company before but going down. Thanks for your vote",23,I was told a price and it is completely different. Spoke to supervisor and said you record all calls please review mine. No answer and still have a bill I need to pay due to lies from TMobile. Was a good company before but going down.,0,billing,Negative,TX
"Orlando, FL","Aug. 23, 2025 Please be aware there is very rude Corbin at the desk In Orange City, FL. It was Rude with a capital R from my first question. Unbelievable, then I",23,"Please be aware there is very rude Corbin at the desk In Orange City, FL. It was Rude with a capital R from my first question. Unbelievable, then I'm told I might get charged 10. For seeking help. I called the manager and made him aware. This young man should NOT be the face of T mobile. I would give less than one star if I could.",3,customer_service,Negative,FL
"Dallas, TX","Aug. 23, 2025 Overpriced phone company",3,Overpriced phone company! If you leave to another they cancel your account online so you can‚Äôt easily pay your bill or see past history. I was paying over 100$ more here than AT&T so of course I switched and since then they seem to not be bothered with me but won‚Äôt give me my final phone bill so AT&T can cover it.,0,billing,Negative,TX
"Boerne, TX","Aug. 23, 2025 I switched over to T",23,"I called the manager that set me up only to find out he left as well as that particular store was bought out by another and that there was nothing they could do. Would have to call customer care and see if they could help, which they said the same. Horrible customer service, I paid off the new phone and will be switching back to another company that is more honest and reliable!",4,activation,Negative,TX
"Ormond Beach, FL","Aug. 21, 2025 I have been with T Mobile for 15 years. Today I am leaving this phone company and purchasing two brand new Iphones tomorrow with Verizon. This company",2,"I have been with T Mobile for 15 years. Today I am leaving this phone company and purchasing two brand new Iphones tomorrow with Verizon. This company's customer service is absolutely horrendous. If you call to speak with a human, they have a robot hang up on you because you don't have your 15-16 digit code. Who tf remembers a 5-16 code for their phone service. They can pull it up with my number, name, address anything for the past few months. Now today they are helpless and can't access my profile. THE PHONE COMPANY I USE AND HAVE USED FOR 15 YEARS CAN'T PULL UP MY ACCOUNT! How ridiculous is that. Leaving T mobile and never coming back. BTW $101.00 a month for just basic phone service is basically robbery.",1,billing,Negative,FL
"Houston, TX","Aug. 20, 2025 I cancelled my phone plan in April 2025, at this time T",4,"I cancelled my phone plan in April 2025, at this time T-Mobile owed me $61.30 which they confirmed would be sent to me as a check. We are now at almost at the end of August 2025 and despite several phone calls with T-Mobile and multiple confirmation that they will send me a check they have yet to send my money. So much for being a loyal customer for 8+ years and so much for good customer service.",1,billing,Negative,TX
"Oklahoma City, OK","Aug. 20, 2025 I could quite possibly be T",5,"I am 70 years old and not tech. Savvy enough to do that. I told him that and he was very upset. Told me it would take well over an hour for him to do it. I said okay. I'll wait in the car. 15 Minutes later, he brought me a bag with the new phone and said, ""Here."" I took the phone out of the bag and couldn't even turn it on because it required a fingerprint. I don't know how to do the fingerprint thing to turn my phone on so I had to go back in the store. He was very irritated that I was bothering him again but I said I need to turn on my phone. That's not customer service. He didn't make a big sale so he didn't care. I then called customer service and got a hold of a supervisor which wasn't much help. Oh well, that's the way we do things. Sorry for your inconvenience. Explaining to her that I am possibly their longest living customer meant nothing. I feel that I should be rewarded for being a customer for thirty years in some fashion. Not treated like an idiot when I go into their store. Since that time, I have been told. They're working on customer loyalty perks. Has it happened? No. Since that time, I had trouble with the new phone and call customer service and wasn't happy. The representative could tell I wasn't happy and asked what he could do to make me happy with T-Mobile again. At his suggestion, after hearing my story, he offered to give me a credit of what I paid for that phone when I went to T-Mobile store. He said he had to get approved, put me on hold, then came back and said it was approved. And it would be there as a credit on my account the following Tuesday. His name was Charles. He even sent me a text confirming what we had agreed on. The following Tuesday, no credit..... I looked at my text messages looking for the one he sent and guess what, it had disappeared!! Is so in short, I feel like I have been walked on, cheated on and treated like dirt. They spend millions on advertising with famous celebrities, and can't reward a 30-year-long customer with a $289 phone.",1,billing,Negative,OK
"Longview, TX","Aug. 19, 2025 If you order something from them get everything in writing sent to email first. They are very misleading on phone. I switched from Verizon for lower price but have had nothing but problems since. It took four months to get my bill to where they promised me. Thanks for your vote",19,If you order something from them get everything in writing sent to email first. They are very misleading on phone. I switched from Verizon for lower price but have had nothing but problems since. It took four months to get my bill to where they promised me.,0,billing,Negative,TX
"Dallas, TX","Aug. 18, 2025 Do not get T",18,Do not get T-Mobile. They suck. I accidentally made an extra payment and they suspended my account when I got it refunded back to me and would not fix the issue without paying them more money. I had to switch services and get a whole new phone and they won‚Äôt even refund me the money I paid for the bill when I can no longer use the service.,1,billing,Negative,TX
"Mauk, GA","Aug. 18, 2025 Service is rated among the worse, customer service is lowest as possible, and they tell customers nothing but lies. They telling customers their phone is locked and can",18,"Here it is 8 days later. After recontacting them, I'm told it would take another 10 days for the refund. T-Mobile is the biggest joke when it comes to telecommunications and rated among the worse ever. Post this on your website so everyone else knows to run the only way as fast as possible.",2,billing,Negative,GA
"Roswell, GA","Aug. 17, 2025 If I could give a negative star",2,"If I could give a negative star ‚≠êÔ∏è I would. Absolutely WORST customer service ever. The manager (Jayme) came over, jumped several people ahead of me. Then was just mean and nasty, talking about me as if I wasn‚Äôt even sitting there. All I was doing was returning a piece of hardware as directed by my account manager. Then when they finally got to me, all they tried to do was shove out the door. Funny way to do business, we have 7 data lines and I was going to add 3 voice for my partner and her kids. I guess ATT or Verizon. Will be happy to take my money.",4,activation,Negative,GA
"Mandeville, LA","Aug. 17, 2025 First of all I",17,"First of all I'd like to commend T-Mobile for their security policies regarding their customers' accounts. My stepson went MIA after setting up an acct at my apt bc my i.d. was expired. We had trouble getting into it, not knowing pin numbers, etc even when it came to paying the bill. Finally, ""Mario"" came into the picture, a T-Mobile representative who specialized in ""finding solutions"" to issues and problems, for the customers. With certain personal info of my own, we were able to change the acct into my own name, along with establishing new security information in connection with the set up of a ""new"" acct, where I could access it for any issues or to pay my bill and whatnot! After months of time con.",3,customer_service,Positive,LA
"Jonesboro, GA","Aug. 16, 2025 I",16,"I‚Äôve been with T-Mobile for 10 yrs. Maybe more. The customer service has gone downhill so badly. I‚Äôm assuming a lot of rules have changed but it‚Äôs ridiculous. I got a bill for almost $2,000 and nobody could tell me why my bill was so high. After months of stressing and struggling to get my bill down, nobody still couldn‚Äôt tell me anything. My phone stayed getting cut off. After finally talking to someone with some sense I was able to find out that I was being charged for items I didn‚Äôt have at all on my account, etc!! I had to receive credit for everything. I had another situation but this was the biggest one. I‚Äôm currently looking for a new service provider because I‚Äôm so over T-Mobile.",1,billing,Negative,GA
"Spring Hill, FL","Aug. 14, 2025 Terrible terrible terrible customer service",14,"Terrible terrible terrible customer service!!! Every single time I call they say 30 minutes, 30 minutes. I never can get these people. Where are you T-Mobile where are you? Are you in space. Hello anybody home???",5,coverage,Negative,FL
"Snellville, GA",2025-08-13 00:00:00,13,"Since switching to T-Mobile for Business, I have endured multiple unexplained service outages affecting both phones and internet. My account was inexplicably removed from autopay, resulting in a reconnection charge‚Äîafter T-Mobile itself disconnected service. To add insult to injury, a ‚Äúflag‚Äù was placed on my account because of the numerous adjustments made, every single one of which was necessitated by T-Mobile‚Äôs own repeated incompetence. The sheer lack of accountability, the dismissive attitude toward business customers, and the systemic operational failures make it abundantly clear: T-Mobile for Business is an unreliable, frustrating, and entirely unprofessional service provider.",1,billing,Negative,GA
"Kissimmee, FL","Aug. 12, 2025 I finally cut my service with T",12,I finally cut my service with T-Mobile because their service were terrible. Also raised my monthly payment. I overpaid on my account. After several months T-Mobile sent me a refund with a debit card I was trying to use but is been unable to pay because the debit card is not working and is not good.,1,billing,Negative,FL
"Orlando, FL","Aug. 12, 2025 Don",3,"Please bear in mind for the first year of service, It was great. Now I‚Äôm being told that it‚Äôs my building (house)! Really my building has not changed since 2023. This company is a disgrace. Customer satisfaction is an absolute joke. I told corporate office when they decided to lower my bill to contact me. That‚Äôs not happening. I just received my next bill and it‚Äôs for the same full amount. Please don‚Äôt be fooled. This company is a disgrace.",0,billing,Negative,FL
"Pensacola, FL","Aug. 11, 2025 I had a great experience with Makalynn",11,"I had a great experience with Makalynn ** at T-Mobile store 465 G on July 17, 2025. My Internet got hit with lightning and I was. I was in the store getting the replacements. I also upgraded my phone so I got to spend a lot of time with her, she really knew what she was doing and as we were going through all the stuff, she was real polite and she knew what she was doing and she really made the change over very professional. I was probably there about 3 to 4 hours and she made the time go by in a hurry because she knew what she was doing. I just wanted to let everybody know that if you go into the store if you see her, you will get a very professional job. Thanks so much Kenneth **.",3,customer_service,Positive,FL
"Port Arthur, TX","Aug. 9, 2025 I made a purchase at T",9,I made a purchase at T-mobile on July 3 2025. Items came on July 5 2025 to the wrong address. Items returned to store July 7 2025. I've made repeated attempts to recoup my refund. It's Aug 9 2025 and still nothing.,1,billing,Negative,TX
"Atlanta, GA","Aug. 9, 2025 Disappointing Customer Service. I visited your store at Peachtree 855 ready to purchase a personal phone and service plan. Unfortunately, I walked away without making a purchase due to the poor customer service I received. The sales representative showed no interest in assisting me, lacked empathy, and made it clear he was more focused on ending his shift than helping a potential customer. As someone who works in sales, I understand the importance of customer engagement and professionalism. I went to the AT",9,"Disappointing Customer Service. I visited your store at Peachtree 855 ready to purchase a personal phone and service plan. Unfortunately, I walked away without making a purchase due to the poor customer service I received. The sales representative showed no interest in assisting me, lacked empathy, and made it clear he was more focused on ending his shift than helping a potential customer. As someone who works in sales, I understand the importance of customer engagement and professionalism. I went to the AT&T store instead, where I was greeted by a professional associate who took the time to walk me through all my options. Putting the right people in customer-facing roles is essential to maintaining your brand reputation and ensuring customer satisfaction.",3,customer_service,Negative,GA
"Snyder, TX",2025-08-08 00:00:00,8,It took talking to several people to get this taken care of. I‚Äôm still not confident this is the last time I will hear from them since they could not give me a confirmation number.,4,activation,Negative,TX
"Tallahassee, FL","Aug. 7, 2025 Worst company I",7,"Worst company I've ever had a phone network with. I paid my prorated last payment and they charged me a late fee even after I paid the bill the day I received the letter in the mail. How can it be late if I paid it the day I received it? I even called them and they wouldn't help me over the phone. I never missed a single payment of $120-$130 in the 2 years I was under contract, every single month for the length of our contract and phone payment, a phone that broke on its own by the way and they still gave me this tiny $20 bill and late fee that wasn't even my fault. Squeezing every dollar out of me that they possibly can. Anyone is better going with any other network carrier than this. I even called customer support and they wouldn't help either.",0,billing,Negative,FL
"Pompano Beach, FL","Aug. 7, 2025 Run from TMobile. They keep billing you with fake charges for months after you terminate service. I paid a",7,"Run from TMobile. They keep billing you with fake charges for months after you terminate service. I paid a ‚Äúfinal payment‚Äù 4 times over and they keep threatening to report me to credit if I don't keep paying when service has been terminated 2 months ago! They say reason is they don't pro rate, that my bank rejected etc. Etc., none of it was true. I have proof of final payments made on 4 separate occasions!",1,billing,Negative,FL
"Leesburg, FL","Aug. 6, 2025 Easy to switch to T",3,"Easy to switch to T-Mobile. A nightmare when you want leave. They don‚Äôt take no for an answer and they stall the process of actually closing your account until another billing cycle comes around so they can charge you for another full month of service. They prorate your bill when you start with them but refuse to do it when you leave. They take every opportunity to increase your bill. You‚Äôre fine as long as you never call customer service to make any changes to your account. I started with a bill around $50. Ended with a $131 cell bill for 1 iPhone (paid off) and 1 Apple Watch (paid off). The only additional thing I was paying for was the Netflix for 24.99 that started out as a freebie. It took me a week to get my account semi-closed. They refused to close it until August 30 because we ‚Äúare already in a new billing cycle.‚Äù Yes, all so they can charge me another $131 for service I won‚Äôt be using. Their business has shady practices without a doubt!",1,billing,Negative,FL
"Mexia, TX","Aug. 5, 2025 Horrible policies and customer service. I had my phone number for 10 years with MetroPCS before T",3,"They would NOT allow me to verify myself by email, by security questions or by that 8-digit PIN they have us memorize. They said the ONLY way was for me to drive to a TMobile store. But since they don't have one closer than 2 hours from me, I would have to drive FOUR HOURS there and back to show them my ID. WTF? They also won't let me port MY NUMBER to another provider. I'm closing this ** account, losing my 10 year old phone # and going to a NEW service which runs on THEIR network and charges me LESS THAN HALF what they were charging me! I hope they CRASH AND BURN.",1,billing,Negative,TX
"The Colony, TX","Aug. 5, 2025 I purchased a wifi network box. I can",6,"I purchased a wifi network box. I can't get a hold of anyone. Don't buy anything from this fn company. They're as sorry as they Ok. T-mobile sucks, T-mobile sucks, T-mobile sucks when it comes to customer service.",5,coverage,Negative,TX
"Dallas, TX","Aug. 4, 2025 If I can give 0 star I would. The customer service is a disaster. I want to cancel the service, and it took me more than 1 hour to just talk to the agent. The finally after I changed multiple agents I have the service cancelled. Then I tried to return the devices at store, and they cannot find my account, then they said my account is linked to a different name even I showed them my id. Thanks Xinying",4,"If I can give 0 star I would. The customer service is a disaster. I want to cancel the service, and it took me more than 1 hour to just talk to the agent. The finally after I changed multiple agents I have the service cancelled. Then I tried to return the devices at store, and they cannot find my account, then they said my account is linked to a different name even I showed them my id.",4,activation,Negative,TX
"Punta Gorda, FL","Aug. 4, 2025 I am separating after 38 yrs. and because my husband is listed first but keep in my mind I pay the bills, I cannot get a TX pin number to break free and keep my number. I closed the account with which you were receiving your payment so you all should have really tried to come up with a solution considering I",4,"I am separating after 38 yrs. and because my husband is listed first but keep in my mind I pay the bills, I cannot get a TX pin number to break free and keep my number. I closed the account with which you were receiving your payment so you all should have really tried to come up with a solution considering I'm in shelter and have NO contact with him. I have my own bank account. My own money but you all just lost a valued long term customer. Shame on T-mobile for their extremely poor customer service, Lori",1,billing,Negative,FL
"Jacksonville, FL","Aug. 4, 2025 I ordered mobile and Internet with T",3,"When I called T-Mobile I was assured that the change would be cancelled. I woke the next day to find that the charge had actually POSTED! When I called T-Mobile again, I was ""disconnected"", hmmm, twice! I ended up calling my bank and having the issue resolved through them. Which, I'm happy to say, happened very quickly. But, I was charged $5 for the new card and experienced great inconveniences! Very poor SOP's, and horrible customer service.",1,billing,Negative,FL
"Loganville, GA","July 31, 2025 The worst customer service, I have had nothing but incorrect information from them for a week on a phone that quit working and they don",31,"The worst customer service, I have had nothing but incorrect information from them for a week on a phone that quit working and they don‚Äôt care, I have had to do all the calling, been told incorrect information on my non working phone by 4 employee and I have had their service for years and have several devices with them. I will never use them again",4,activation,Negative,GA
"Houston, TX","July 31, 2025 This company scams people, every month they will add a charge, and customers won",31,"This company scams people, every month they will add a charge, and customers won't even notice, also they will add a payment after billing cycle and won't be able to remove it till end of month, but charge needs to be pay, please stay away, every month I'm having a problem, only here customers of number, think about it before going with them....",0,billing,Negative,TX
"Buda, TX","July 31, 2025 Manager Gabriel, the guy pictured on their website needs more training in customer service. Start with the basics",2,"Manager Gabriel, the guy pictured on their website needs more training in customer service. Start with the basics ""sir"", ""ma'am"", and ""how can we help"". Dude is a straight up liar and has an attitude problem. Sir, if you do not like your job that much, then I suggest finding another one, rather than costing your company accounts. Unless customer retention is not a concern, then keep up the good work....I'm considering switching service now because of him after about 10 years. Keep up the good work ""sir"". Waiting on any response from that store front....7.30.25. The gentleman on the left is Gabriel.",4,activation,Negative,TX
"Smyrna, GA","July 30, 2025 They don",2,"They don't honor their offers. After confirming what I would pay to upgrade, which was supposed to be tax on the new phone, they tried to collect more from me. I cancelled the upgrade and the promotions offered. They still billed me for the lines for the promo trackers. Eventually cancelled my plan with them. I then received a 14 page bill in an oversized font for a grand total of $2. Customer service offered to pass my concern about wasted less on to the appropriate person. Gee, thanks.",0,billing,Negative,GA
"Aubrey, TX","July 30, 2025 Absolutely the worst. No customer service or care. They give you the runaround for months and never address any of the issues. Their service is not worth the price you pay or the price of working with them. Thanks Christa",4,Absolutely the worst. No customer service or care. They give you the runaround for months and never address any of the issues. Their service is not worth the price you pay or the price of working with them.,4,activation,Negative,TX
"Dallas, TX","July 30, 2025 I was with Sprint for 16 years until T",3,"Finally, after research, I switched to AT&T. I was ONE DAY into the billing cycle with T-Mobile when I switched. THEY INSIST THAT I HAVE TO PAY FOR THE WHOLE MONTH AND NOT PRORATE. I asked to speak with a manager and she said her manager authorized her to give me a 10% discount. LOL. They just confirmed I made the right decision switching. SO BEWARE IF YOU LEAVE T-MOBILE MAKE SURE YOU DO IT BEFORE THE NEXT BILLING PERIOD OR THEY WILL CHARGE YOU FOR THE WHOLE MONTH. What a disappointment T-Mobile turned out to be. I used to joke I've been with my cell phone company longer than men I've dated or was married. I feel like I just went through a major breakup. At least the divorce was only 90 bucks.",1,billing,Negative,TX
"San Antonio, TX","July 30, 2025 Be very careful on what the customer service tells you. They like to lie about prices to make a sale. I was promised a price of 150 for 3 lines.. Then I saw my bill it was",3,"Be very careful on what the customer service tells you. They like to lie about prices to make a sale. I was promised a price of 150 for 3 lines.. Then I saw my bill it was $200. Then they lied and said they didn't say that but I record my phone calls with them, so I had proof..but they still refused to give me that price... So be careful on believing them on what they tell you.",0,billing,Negative,TX
"San Antonio, TX","July 29, 2025 This is the worst internet on the entire planet of earth. Please do not buy this internet unless you want internet slower than a snail. It is the worst thing to every exist in this planet of earth, do not buy. Thanks for your vote",29,"This is the worst internet on the entire planet of earth. Please do not buy this internet unless you want internet slower than a snail. It is the worst thing to every exist in this planet of earth, do not buy.",4,activation,Negative,TX
"Miami, FL","July 27, 2025 If I could give zero stars, I would. My recent experience with T",27,"To make matters worse, they didn‚Äôt even send the correct phones. I was supposed to receive three iPhone 16e devices, and instead they shipped two Samsung phones and an older model iPhone. How does that even happen on a brand new, documented order? When I called customer service, I spoke with a supervisor named Mark (Operator ID: **) who admitted it was their error, but told me my only options were to: ‚Ä¢ Wait for the phones to be misdelivered and stolen or returned, ‚Ä¢ Or pay $14.99 out of pocket to attempt to reroute the package via UPS myself. Why should I have to pay to fix THEIR mistake? Then, the inevitable happened. At 1:55 PM on July 26, someone fraudulently signed for my package at the old address‚Äîimpersonating me. I filed a police report (Report #**) within the hour. T-Mobile told me they would ‚Äúfollow up on Monday.‚Äù Apparently, a theft and identity fraud case isn‚Äôt important enough to address over the weekend. To recap: ‚Ä¢ T-Mobile sent the WRONG PHONES ‚Ä¢ To the WRONG ADDRESS ‚Ä¢ Allowed someone ELSE to sign for them ‚Ä¢ Then refused to act urgently even after a police report was filed ‚Ä¢ Told me I would have to pay the taxes again if I wanted to reorder the phones in store ‚Ä¢ Offered no real accountability, no urgency, and no guarantee they would make this right T-Mobile has proven themselves to be irresponsible, disorganized, and completely untrustworthy. If this is how they treat new customers‚Äîsending expensive phones to incorrect addresses, ignoring fraud, and still asking for more money‚Äîimagine how they treat long-time customers. I‚Äôve also contacted UPS, the Orange County Sheriff‚Äôs Office, and Fox 35 News. Someone needs to hold T-Mobile accountable. If you value your money, your time, or your identity: stay far away from T-Mobile.",1,billing,Negative,FL
